Workbook

Sheet Sheet1
A1: 城市 | B1: 可吸入颗粒物（PM10）月平均浓度(微克/立方米) | C1: 细颗粒物（PM2.5）月平均浓度（微克/立方米） | D1: AQI达标率
A2: 东莞市 | B2: 81 | C2: 42 | D2: 0.71
A3: 佛山市 | B3: 89 | C3: 48 | D3: 0.774
A4: 广州市 | B4: 87 | C4: 45 | D4: 0.806
A5: 惠州市 | B5: 71 | C5: 36 | D5: 0.935
A6: 江门市 | B6: 86 | C6: 45 | D6: 0.774
A7: 深圳市 | B7: 72 | C7: 36 | D7: 0.968
A8: 肇庆市 | B8: 63 | C8: 39 | D8: 0.871
A9: 中山市 | B9: 72 | C9: 42 | D9: 0.806
A10: 珠海市 | B10: 78 | C10: 39 | D10: 0.968

Sheet Sheet2
A1: 城市 | B1: 可吸入颗粒物（PM10）月平均浓度(微克/立方米) | C1: 细颗粒物（PM2.5）月平均浓度（微克/立方米） | D1: AQI达标率
A2: 东莞市 | B2: 41 | C2: 25 | D2: 0.679
A3: 佛山市 | B3: 43 | C3: 26 | D3: 0.786
A4: 广州市 | B4: 47 | C4: 28 | D4: 0.821
A5: 惠州市 | B5: 38 | C5: 23 | D5: 1
A6: 江门市 | B6: 42 | C6: 23 | D6: 0.857
A7: 深圳市 | B7: 34 | C7: 20 | D7: 1
A8: 肇庆市 | B8: 37 | C8: 25 | D8: 0.964
A9: 中山市 | B9: 35 | C9: 22 | D9: 0.929
A10: 珠海市 | B10: 39 | C10: 22 | D10: 0.964

Sheet Sheet3
A1: 城市 | B1: 可吸入颗粒物（PM10）月平均浓度(微克/立方米) | C1: 细颗粒物（PM2.5）月平均浓度（微克/立方米） | D1: AQI达标率
A2: 东莞市 | B2: 50 | C2: 25 | D2: 0.903
A3: 佛山市 | B3: 62 | C3: 30 | D3: 0.968
A4: 广州市 | B4: 60 | C4: 29 | D4: 0.968
A5: 惠州市 | B5: 48 | C5: 23 | D5: 0.968
A6: 江门市 | B6: 59 | C6: 28 | D6: 0.935
A7: 深圳市 | B7: 41 | C7: 19 | D7: 1
A8: 肇庆市 | B8: 52 | C8: 27 | D8: 1
A9: 中山市 | B9: 47 | C9: 22 | D9: 0.968
A10: 珠海市 | B10: 45 | C10: 23 | D10: 1

Sheet Sheet4
A1: 城市 | B1: 可吸入颗粒物（PM10）月平均浓度(微克/立方米) | C1: 细颗粒物（PM2.5）月平均浓度（微克/立方米） | D1: AQI达标率
A2: 东莞市 | B2: 51 | C2: 24 | D2: 0.733
A3: 佛山市 | B3: 49 | C3: 24 | D3: 0.8
A4: 广州市 | B4: 52 | C4: 25 | D4: 0.767
A5: 惠州市 | B5: 49 | C5: 21 | D5: 0.833
A6: 江门市 | B6: 48 | C6: 22 | D6: 0.9
A7: 深圳市 | B7: 42 | C7: 19 | D7: 1
A8: 肇庆市 | B8: 41 | C8: 23 | D8: 0.933
A9: 中山市 | B9: 42 | C9: 19 | D9: 0.9
A10: 珠海市 | B10: 40 | C10: 19 | D10: 1

Sheet Sheet5
A1: 城市 | B1: 可吸入颗粒物（PM10）月平均浓度(微克/立方米) | C1: 细颗粒物（PM2.5）月平均浓度（微克/立方米） | D1: AQI达标率
A2: 东莞市 | B2: 26 | C2: 13 | D2: 0.935
A3: 佛山市 | B3: 29 | C3: 13 | D3: 0.968
A4: 广州市 | B4: 35 | C4: 16 | D4: 0.935
A5: 惠州市 | B5: 29 | C5: 12 | D5: 0.935
A6: 江门市 | B6: 28 | C6: 13 | D6: 0.935
A7: 深圳市 | B7: 22 | C7: 10 | D7: 0.968
A8: 肇庆市 | B8: 27 | C8: 15 | D8: 1
A9: 中山市 | B9: 23 | C9: 11 | D9: 0.935
A10: 珠海市 | B10: 20 | C10: 11 | D10: 0.935

Sheet Sheet6
A1: 城市 | B1: 可吸入颗粒物（PM10）月平均浓度(微克/立方米) | C1: 细颗粒物（PM2.5）月平均浓度（微克/立方米） | D1: AQI达标率
A2: 东莞市 | B2: 27 | C2: 13 | D2: 0.9
A3: 佛山市 | B3: 30 | C3: 14 | D3: 0.9
A4: 广州市 | B4: 30 | C4: 15 | D4: 0.9
A5: 惠州市 | B5: 26 | C5: 10 | D5: 0.967
A6: 江门市 | B6: 29 | C6: 14 | D6: 0.867
A7: 深圳市 | B7: 24 | C7: 10 | D7: 0.933
A8: 肇庆市 | B8: 29 | C8: 16 | D8: 0.933
A9: 中山市 | B9: 24 | C9: 11 | D9: 0.933
A10: 珠海市 | B10: 21 | C10: 12 | D10: 0.933

Sheet Sheet7
A1: 城市 | B1: 可吸入颗粒物（PM10）月平均浓度(微克/立方米) | C1: 细颗粒物（PM2.5）月平均浓度（微克/立方米） | D1: AQI达标率
A2: 东莞市 | B2: 28 | C2: 14 | D2: 0.871
A3: 佛山市 | B3: 29 | C3: 14 | D3: 0.839
A4: 广州市 | B4: 33 | C4: 16 | D4: 0.774
A5: 惠州市 | B5: 27 | C5: 12 | D5: 0.903
A6: 江门市 | B6: 28 | C6: 14 | D6: 0.839
A7: 深圳市 | B7: 22 | C7: 10 | D7: 0.903
A8: 肇庆市 | B8: 29 | C8: 16 | D8: 0.935
A9: 中山市 | B9: 24 | C9: 11 | D9: 0.839
A10: 珠海市 | B10: 16 | C10: 11 | D10: 0.935

Sheet Sheet9
A1: 城市 | B1: 可吸入颗粒物（PM10）月平均浓度(微克/立方米) | C1: 细颗粒物（PM2.5）月平均浓度（微克/立方米） | D1: AQI达标率
A2: 东莞市 | B2: 36 | C2: 20 | D2: 0.7
A3: 佛山市 | B3: 40 | C3: 21 | D3: 0.533
A4: 广州市 | B4: 40 | C4: 22 | D4: 0.7
A5: 惠州市 | B5: 36 | C5: 16 | D5: 0.833
A6: 江门市 | B6: 35 | C6: 17 | D6: 0.7
A7: 深圳市 | B7: 29 | C7: 16 | D7: 0.767
A8: 肇庆市 | B8: 34 | C8: 21 | D8: 0.833
A9: 中山市 | B9: 30 | C9: 15 | D9: 0.767
A10: 珠海市 | B10: 21 | C10: 13 | D10: 0.933

Sheet Sheet8
A1: 城市 | B1: 可吸入颗粒物（PM10）月平均浓度(微克/立方米) | C1: 细颗粒物（PM2.5）月平均浓度（微克/立方米） | D1: AQI达标率
A2: 东莞市 | B2: 26 | C2: 14 | D2: 0.968
A3: 佛山市 | B3: 28 | C3: 14 | D3: 0.935
A4: 广州市 | B4: 31 | C4: 15 | D4: 0.968
A5: 惠州市 | B5: 28 | C5: 11 | D5: 0.968
A6: 江门市 | B6: 26 | C6: 12 | D6: 1
A7: 深圳市 | B7: 23 | C7: 11 | D7: 1
A8: 肇庆市 | B8: 26 | C8: 15 | D8: 0.903
A9: 中山市 | B9: 22 | C9: 10 | D9: 1
A10: 珠海市 | B10: 16 | C10: 10 | D10: 1

Sheet Sheet10
A1: 城市 | B1: 可吸入颗粒物（PM10）月平均浓度(微克/立方米) | C1: 细颗粒物（PM2.5）月平均浓度（微克/立方米） | D1: AQI达标率
A2: 东莞市 | B2: 33 | C2: 19 | D2: 0.968
A3: 佛山市 | B3: 37 | C3: 20 | D3: 0.839
A4: 广州市 | B4: 36 | C4: 20 | D4: 0.968
A5: 惠州市 | B5: 33 | C5: 17 | D5: 1
A6: 江门市 | B6: 40 | C6: 21 | D6: 0.806
A7: 深圳市 | B7: 32 | C7: 16 | D7: 1
A8: 肇庆市 | B8: 31 | C8: 19 | D8: 0.871
A9: 中山市 | B9: 36 | C9: 19 | D9: 0.903
A10: 珠海市 | B10: 32 | C10: 18 | D10: 0.968

Sheet Sheet11
A1: 城市 | B1: 可吸入颗粒物（PM10）月平均浓度(微克/立方米) | C1: 细颗粒物（PM2.5）月平均浓度（微克/立方米） | D1: AQI达标率
A2: 东莞市 | B2: 47 | C2: 25 | D2: 0.967
A3: 佛山市 | B3: 51 | C3: 24 | D3: 0.967
A4: 广州市 | B4: 51 | C4: 25 | D4: 1
A5: 惠州市 | B5: 48 | C5: 23 | D5: 1
A6: 江门市 | B6: 57 | C6: 27 | D6: 1
A7: 深圳市 | B7: 49 | C7: 24 | D7: 1
A8: 肇庆市 | B8: 39 | C8: 22 | D8: 1
A9: 中山市 | B9: 55 | C9: 27 | D9: 0.967
A10: 珠海市 | B10: 53 | C10: 25 | D10: 0.9

Sheet Sheet12
A1: 城市 | B1: 可吸入颗粒物（PM10）月平均浓度(微克/立方米) | C1: 细颗粒物（PM2.5）月平均浓度（微克/立方米） | D1: AQI达标率
A2: 东莞市 | B2: 51 | C2: 29 | D2: 1
A3: 佛山市 | B3: 62 | C3: 33 | D3: 0.935
A4: 广州市 | B4: 57 | C4: 31 | D4: 1
A5: 惠州市 | B5: 48 | C5: 26 | D5: 1
A6: 江门市 | B6: 68 | C6: 36 | D6: 0.871
A7: 深圳市 | B7: 52 | C7: 27 | D7: 1
A8: 肇庆市 | B8: 43 | C8: 28 | D8: 1
A9: 中山市 | B9: 64 | C9: 35 | D9: 0.839
A10: 珠海市 | B10: 61 | C10: 32 | D10: 0.871

Sheet 年均值
A1: 城市 | B1: 可吸入颗粒物（PM10）年平均浓度(微克/立方米) | C1: 细颗粒物（PM2.5）年平均浓度（微克/立方米） | D1: AQI达标率年均值
A2: 东莞市 | B2: =AVERAGE(Sheet1:Sheet12!B2) -> 41.416667 | C2: =AVERAGE(Sheet1:Sheet12!C2) -> 21.916667 | D2: =AVERAGE(Sheet1:Sheet12!D2) -> 0.86116667
A3: 佛山市 | B3: =AVERAGE(Sheet1:Sheet12!B3) -> 45.75 | C3: =AVERAGE(Sheet1:Sheet12!C3) -> 23.416667 | D3: =AVERAGE(Sheet1:Sheet12!D3) -> 0.85366667
A4: 广州市 | B4: =AVERAGE(Sheet1:Sheet12!B4) -> 46.583333 | C4: =AVERAGE(Sheet1:Sheet12!C4) -> 23.916667 | D4: =AVERAGE(Sheet1:Sheet12!D4) -> 0.88391667
A5: 惠州市 | B5: =AVERAGE(Sheet1:Sheet12!B5) -> 40.083333 | C5: =AVERAGE(Sheet1:Sheet12!C5) -> 19.166667 | D5: =AVERAGE(Sheet1:Sheet12!D5) -> 0.94516667
A6: 江门市 | B6: =AVERAGE(Sheet1:Sheet12!B6) -> 45.5 | C6: =AVERAGE(Sheet1:Sheet12!C6) -> 22.666667 | D6: =AVERAGE(Sheet1:Sheet12!D6) -> 0.87366667
A7: 深圳市 | B7: =AVERAGE(Sheet1:Sheet12!B7) -> 36.833333 | C7: =AVERAGE(Sheet1:Sheet12!C7) -> 18.166667 | D7: =AVERAGE(Sheet1:Sheet12!D7) -> 0.96158333
A8: 肇庆市 | B8: =AVERAGE(Sheet1:Sheet12!B8) -> 37.583333 | C8: =AVERAGE(Sheet1:Sheet12!C8) -> 22.166667 | D8: =AVERAGE(Sheet1:Sheet12!D8) -> 0.93691667
A9: 中山市 | B9: =AVERAGE(Sheet1:Sheet12!B9) -> 39.5 | C9: =AVERAGE(Sheet1:Sheet12!C9) -> 20.333333 | D9: =AVERAGE(Sheet1:Sheet12!D9) -> 0.89883333
A10: 珠海市 | B10: =AVERAGE(Sheet1:Sheet12!B10) -> 36.833333 | C10: =AVERAGE(Sheet1:Sheet12!C10) -> 19.583333 | D10: =AVERAGE(Sheet1:Sheet12!D10) -> 0.95058333
