Workbook

Sheet Sheet1
A1: 城市 | B1: 可吸入颗粒物（PM10）月平均浓度(微克/立方米) | C1: 细颗粒物（PM2.5）月平均浓度（微克/立方米） | D1: AQI达标率
A2: 东莞市 | B2: 42 | C2: 27 | D2: 1
A3: 佛山市 | B3: 41 | C3: 28 | D3: 1
A4: 广州市 | B4: 44 | C4: 29 | D4: 1
A5: 惠州市 | B5: 43 | C5: 28 | D5: 1
A6: 江门市 | B6: 44 | C6: 27 | D6: 1
A7: 深圳市 | B7: 41 | C7: 25 | D7: 1
A8: 肇庆市 | B8: 41 | C8: 28 | D8: 1
A9: 中山市 | B9: 41 | C9: 28 | D9: 1
A10: 珠海市 | B10: 43 | C10: 25 | D10: 1

Sheet Sheet2
A1: 城市 | B1: 可吸入颗粒物（PM10）月平均浓度(微克/立方米) | C1: 细颗粒物（PM2.5）月平均浓度（微克/立方米） | D1: AQI达标率
A2: 东莞市 | B2: 48 | C2: 26 | D2: 0.893
A3: 佛山市 | B3: 52 | C3: 31 | D3: 0.821
A4: 广州市 | B4: 53 | C4: 31 | D4: 0.893
A5: 惠州市 | B5: 42 | C5: 24 | D5: 1
A6: 江门市 | B6: 52 | C6: 29 | D6: 0.786
A7: 深圳市 | B7: 40 | C7: 21 | D7: 1
A8: 肇庆市 | B8: 51 | C8: 32 | D8: 0.821
A9: 中山市 | B9: 43 | C9: 25 | D9: 0.821
A10: 珠海市 | B10: 40 | C10: 21 | D10: 0.893

Sheet Sheet3
A1: 城市 | B1: 可吸入颗粒物（PM10）月平均浓度(微克/立方米) | C1: 细颗粒物（PM2.5）月平均浓度（微克/立方米） | D1: AQI达标率
A2: 东莞市 | B2: 54 | C2: 27 | D2: 0.742
A3: 佛山市 | B3: 56 | C3: 29 | D3: 0.742
A4: 广州市 | B4: 59 | C4: 30 | D4: 0.774
A5: 惠州市 | B5: 49 | C5: 25 | D5: 1
A6: 江门市 | B6: 54 | C6: 27 | D6: 0.71
A7: 深圳市 | B7: 47 | C7: 23 | D7: 0.968
A8: 肇庆市 | B8: 53 | C8: 30 | D8: 0.742
A9: 中山市 | B9: 46 | C9: 25 | D9: 0.774
A10: 珠海市 | B10: 43 | C10: 22 | D10: 0.806

Sheet Sheet4
A1: 城市 | B1: 可吸入颗粒物（PM10）月平均浓度(微克/立方米) | C1: 细颗粒物（PM2.5）月平均浓度（微克/立方米） | D1: AQI达标率
A2: 东莞市 | B2: 41 | C2: 21 | D2: 0.867
A3: 佛山市 | B3: 43 | C3: 23 | D3: 0.933
A4: 广州市 | B4: 43 | C4: 23 | D4: 0.933
A5: 惠州市 | B5: 37 | C5: 19 | D5: 1
A6: 江门市 | B6: 43 | C6: 22 | D6: 0.9
A7: 深圳市 | B7: 38 | C7: 19 | D7: 0.967
A8: 肇庆市 | B8: 44 | C8: 26 | D8: 0.933
A9: 中山市 | B9: 36 | C9: 19 | D9: 0.933
A10: 珠海市 | B10: 38 | C10: 21 | D10: 0.9

Sheet Sheet5
A1: 城市 | B1: 可吸入颗粒物（PM10）月平均浓度(微克/立方米) | C1: 细颗粒物（PM2.5）月平均浓度（微克/立方米） | D1: AQI达标率
A2: 东莞市 | B2: 36 | C2: 19 | D2: 0.871
A3: 佛山市 | B3: 37 | C3: 20 | D3: 0.839
A4: 广州市 | B4: 39 | C4: 21 | D4: 0.871
A5: 惠州市 | B5: 35 | C5: 17 | D5: 0.935
A6: 江门市 | B6: 39 | C6: 21 | D6: 0.903
A7: 深圳市 | B7: 35 | C7: 18 | D7: 0.935
A8: 肇庆市 | B8: 38 | C8: 22 | D8: 0.935
A9: 中山市 | B9: 34 | C9: 19 | D9: 0.871
A10: 珠海市 | B10: 31 | C10: 19 | D10: 0.935

Sheet Sheet6
A1: 城市 | B1: 可吸入颗粒物（PM10）月平均浓度(微克/立方米) | C1: 细颗粒物（PM2.5）月平均浓度（微克/立方米） | D1: AQI达标率
A2: 东莞市 | B2: 24 | C2: 13 | D2: 0.833
A3: 佛山市 | B3: 24 | C3: 14 | D3: 0.867
A4: 广州市 | B4: 26 | C4: 15 | D4: 0.833
A5: 惠州市 | B5: 20 | C5: 9 | D5: 0.933
A6: 江门市 | B6: 24 | C6: 13 | D6: 0.867
A7: 深圳市 | B7: 19 | C7: 9 | D7: 0.933
A8: 肇庆市 | B8: 28 | C8: 16 | D8: 0.933
A9: 中山市 | B9: 19 | C9: 10 | D9: 0.867
A10: 珠海市 | B10: 15 | C10: 9 | D10: 1

Sheet Sheet7
A1: 城市 | B1: 可吸入颗粒物（PM10）月平均浓度(微克/立方米) | C1: 细颗粒物（PM2.5）月平均浓度（微克/立方米） | D1: AQI达标率
A2: 东莞市 | B2: 22 | C2: 11 | D2: 0.903
A3: 佛山市 | B3: 20 | C3: 11 | D3: 0.968
A4: 广州市 | B4: 25 | C4: 13 | D4: 0.903
A5: 惠州市 | B5: 22 | C5: 9 | D5: 1
A6: 江门市 | B6: 22 | C6: 11 | D6: 0.935
A7: 深圳市 | B7: 21 | C7: 9 | D7: 0.968
A8: 肇庆市 | B8: 21 | C8: 12 | D8: 1
A9: 中山市 | B9: 18 | C9: 9 | D9: 0.935
A10: 珠海市 | B10: 17 | C10: 9 | D10: 0.935

Sheet Sheet8
A1: 城市 | B1: 可吸入颗粒物（PM10）月平均浓度(微克/立方米) | C1: 细颗粒物（PM2.5）月平均浓度（微克/立方米） | D1: AQI达标率
A2: 东莞市 | B2: 26 | C2: 14 | D2: 0.903
A3: 佛山市 | B3: 24 | C3: 14 | D3: 0.935
A4: 广州市 | B4: 29 | C4: 16 | D4: 0.903
A5: 惠州市 | B5: 26 | C5: 12 | D5: 0.968
A6: 江门市 | B6: 25 | C6: 13 | D6: 1
A7: 深圳市 | B7: 25 | C7: 11 | D7: 1
A8: 肇庆市 | B8: 26 | C8: 15 | D8: 0.935
A9: 中山市 | B9: 20 | C9: 10 | D9: 1
A10: 珠海市 | B10: 18 | C10: 10 | D10: 1

Sheet Sheet9
A1: 城市 | B1: 可吸入颗粒物（PM10）月平均浓度(微克/立方米) | C1: 细颗粒物（PM2.5）月平均浓度（微克/立方米） | D1: AQI达标率
A2: 东莞市 | B2: 27 | C2: 15 | D2: 0.967
A3: 佛山市 | B3: 25 | C3: 15 | D3: 0.867
A4: 广州市 | B4: 28 | C4: 16 | D4: 0.933
A5: 惠州市 | B5: 23 | C5: 12 | D5: 0.967
A6: 江门市 | B6: 25 | C6: 14 | D6: 0.9
A7: 深圳市 | B7: 21 | C7: 11 | D7: 1
A8: 肇庆市 | B8: 26 | C8: 16 | D8: 0.9
A9: 中山市 | B9: 20 | C9: 11 | D9: 0.933
A10: 珠海市 | B10: 17 | C10: 10 | D10: 0.967

Sheet Sheet10
A1: 城市 | B1: 可吸入颗粒物（PM10）月平均浓度(微克/立方米) | C1: 细颗粒物（PM2.5）月平均浓度（微克/立方米） | D1: AQI达标率
A2: 东莞市 | B2: 35 | C2: 22 | D2: 0.871
A3: 佛山市 | B3: 38 | C3: 23 | D3: 0.871
A4: 广州市 | B4: 37 | C4: 23 | D4: 0.935
A5: 惠州市 | B5: 33 | C5: 19 | D5: 1
A6: 江门市 | B6: 41 | C6: 24 | D6: 0.774
A7: 深圳市 | B7: 33 | C7: 18 | D7: 1
A8: 肇庆市 | B8: 33 | C8: 22 | D8: 0.903
A9: 中山市 | B9: 36 | C9: 22 | D9: 0.742
A10: 珠海市 | B10: 32 | C10: 18 | D10: 0.774

Sheet Sheet11
A1: 城市 | B1: 可吸入颗粒物（PM10）月平均浓度(微克/立方米) | C1: 细颗粒物（PM2.5）月平均浓度（微克/立方米） | D1: AQI达标率
A2: 东莞市 | B2: 56 | C2: 29 | D2: 0.833
A3: 佛山市 | B3: 62 | C3: 33 | D3: 0.767
A4: 广州市 | B4: 58 | C4: 31 | D4: 0.867
A5: 惠州市 | B5: 52 | C5: 25 | D5: 1
A6: 江门市 | B6: 62 | C6: 32 | D6: 0.7
A7: 深圳市 | B7: 50 | C7: 23 | D7: 0.967
A8: 肇庆市 | B8: 54 | C8: 32 | D8: 0.8
A9: 中山市 | B9: 52 | C9: 28 | D9: 0.833
A10: 珠海市 | B10: 51 | C10: 23 | D10: 0.867

Sheet Sheet12
A1: 城市 | B1: 可吸入颗粒物（PM10）月平均浓度(微克/立方米) | C1: 细颗粒物（PM2.5）月平均浓度（微克/立方米） | D1: AQI达标率
A2: 东莞市 | B2: 52 | C2: 30 | D2: 0.968
A3: 佛山市 | B3: 59 | C3: 33 | D3: 0.9
A4: 广州市 | B4: 55 | C4: 31 | D4: 1
A5: 惠州市 | B5: 47 | C5: 25 | D5: 1
A6: 江门市 | B6: 61 | C6: 36 | D6: 0.806
A7: 深圳市 | B7: 50 | C7: 26 | D7: 1
A8: 肇庆市 | B8: 46 | C8: 29 | D8: 1
A9: 中山市 | B9: 54 | C9: 33 | D9: 0.935
A10: 珠海市 | B10: 56 | C10: 29 | D10: 0.935

Sheet 年均值
A1: 城市 | B1: 可吸入颗粒物（PM10）年平均浓度(微克/立方米) | C1: 细颗粒物（PM2.5）年平均浓度（微克/立方米） | D1: AQI达标率年均值
A2: 东莞市 | B2: =AVERAGE(Sheet1:Sheet12!B2) -> 38.583333 | C2: =AVERAGE(Sheet1:Sheet12!C2) -> 21.166667 | D2: =AVERAGE(Sheet1:Sheet12!D2) -> 0.88758333
A3: 佛山市 | B3: =AVERAGE(Sheet1:Sheet12!B3) -> 40.083333 | C3: =AVERAGE(Sheet1:Sheet12!C3) -> 22.833333 | D3: =AVERAGE(Sheet1:Sheet12!D3) -> 0.87583333
A4: 广州市 | B4: =AVERAGE(Sheet1:Sheet12!B4) -> 41.333333 | C4: =AVERAGE(Sheet1:Sheet12!C4) -> 23.25 | D4: =AVERAGE(Sheet1:Sheet12!D4) -> 0.90375
A5: 惠州市 | B5: =AVERAGE(Sheet1:Sheet12!B5) -> 35.75 | C5: =AVERAGE(Sheet1:Sheet12!C5) -> 18.666667 | D5: =AVERAGE(Sheet1:Sheet12!D5) -> 0.98358333
A6: 江门市 | B6: =AVERAGE(Sheet1:Sheet12!B6) -> 41 | C6: =AVERAGE(Sheet1:Sheet12!C6) -> 22.416667 | D6: =AVERAGE(Sheet1:Sheet12!D6) -> 0.85675
A7: 深圳市 | B7: =AVERAGE(Sheet1:Sheet12!B7) -> 35 | C7: =AVERAGE(Sheet1:Sheet12!C7) -> 17.75 | D7: =AVERAGE(Sheet1:Sheet12!D7) -> 0.97816667
A8: 肇庆市 | B8: =AVERAGE(Sheet1:Sheet12!B8) -> 38.416667 | C8: =AVERAGE(Sheet1:Sheet12!C8) -> 23.333333 | D8: =AVERAGE(Sheet1:Sheet12!D8) -> 0.9085
A9: 中山市 | B9: =AVERAGE(Sheet1:Sheet12!B9) -> 34.916667 | C9: =AVERAGE(Sheet1:Sheet12!C9) -> 19.916667 | D9: =AVERAGE(Sheet1:Sheet12!D9) -> 0.887
A10: 珠海市 | B10: =AVERAGE(Sheet1:Sheet12!B10) -> 33.416667 | C10: =AVERAGE(Sheet1:Sheet12!C10) -> 18 | D10: =AVERAGE(Sheet1:Sheet12!D10) -> 0.91766667
